bmi_category,mean_cost,median_cost,n,cost_ratio,vs_baseline
Underweight,8852.200585,6759.2624749999995,20,1,1x
Normal Weight,10409.337708977779,8603.8234,225,1.1759039584593618,1.18x
Overweight,10987.509891318652,8659.378,386,1.2412179080009687,1.24x
Obese,15552.335468868458,9964.06,707,1.7568891847324148,1.76x
