region,mean_cost,median_cost,n,cost_ratio,vs_baseline
southwest,12346.937377292308,8798.593,325,1,1x
northwest,12417.57537396923,8965.79575,325,1.0057210945936144,1.01x
northeast,13406.384516385802,10057.652025,324,1.0858064722221692,1.09x
southeast,14735.41143760989,9294.131949999999,364,1.1934466813373743,1.19x
