smoker,sex,mean_cost,n
yes,male,33042.00597528302,159
yes,female,30678.99627626087,115
no,female,8762.297299541133,547
no,male,8087.204731276595,517
