smoker,mean_cost,median_cost,n,cost_ratio,vs_baseline
no,8434.268297856202,7345.4053,1064,1,1x
yes,32050.23183153285,34456.348450000005,274,3.800001458298319,3.8x
