mean_ratio,median_ratio,sd_ratio,min_ratio,max_ratio,q25,q75
0.23250008122292753,0.14394356002196962,0.22518136626738433,0.025027861684327943,1.306660891912995,0.10206505304084776,0.3068849215489946
