"","Min.","1st Qu.","Median","Mean","3rd Qu.","Max.","NA's"
"RandomForest",497.635179374718,634.483512389184,771.937995884781,847.510404541291,1095.14960064625,1238.34573441153,0
"GBM",264.895631572126,296.69936755524,416.371935330907,612.103961935284,930.894567041391,1151.65830817675,0
