"Dataset","RMSE","R_squared","MAE"
"Validation",886.6347,0.995,149.54
"Test",210.243892286771,0.999696871057915,95.0922743361533
