category,observed_max_ratio,multiplier_max_ratio,difference,match_quality
Smoker,3.800001458298319,3.800001458298319,0,Perfect
Sex,1.1103594918430282,1.1103594918430282,0,Perfect
BMI,1.7568891847324148,1.7568891847324148,0,Perfect
Region,1.1934466813373743,1.1934466813373743,0,Perfect
Children,1.128090620818971,1.128090620818971,0,Perfect
Age,1.5827141938226017,1.5827141938226017,0,Perfect
