age_group_standard,avg_cost_trajectory,risk_adjusted_trajectory,cost_growth_rate,low_risk_aging_curve,high_risk_aging_curve,smoking_cost_premium,potential_cessation_savings,cessation_roi_3year,obesity_cost_premium,weight_loss_savings_potential,wellness_program_roi
18-44,10785.580769850432,5895.875942352861,51.20825128385641,5621.979314318038,35048.75128102564,29222.8469839548,11689.138793581922,30067.416380745766,13161.51648437186,3290.379121092965,3580.7582421859297
45-64,17070.491773062382,8009.383111361521,7.922553678727263,12548.542921921297,37892.86744902174,37209.48047092783,14883.792188371133,39651.3765651134,18631.772219126215,4657.943054781554,6315.886109563107
