smoker,count,avg_ratio,median_ratio,sd_ratio
no,1064,0.14018635895768788,0.12700801314598809,0.09436809626881601
yes,274,0.5909738056397705,0.5519312404591963,0.2268695989913521
